{
  "model_type": "diagnostic",
  "algorithm": "random_forest",
  "training_date": "2025-09-21T17:37:06.008801",
  "model_path": "data/models/diagnostic_random_forest_model.pkl",
  "metrics": {
    "accuracy": 0.9325,
    "precision": 0.9319752489959798,
    "recall": 0.9325,
    "f1_score": 0.9305652019955408,
    "auc_roc": 0.9874069168629908,
    "confusion_matrix": [
      [
        102,
        0,
        0,
        0,
        0,
        0
      ],
      [
        1,
        6,
        0,
        1,
        0,
        1
      ],
      [
        0,
        0,
        57,
        0,
        0,
        6
      ],
      [
        0,
        0,
        0,
        69,
        0,
        0
      ],
      [
        0,
        0,
        0,
        0,
        0,
        2
      ],
      [
        0,
        0,
        16,
        0,
        0,
        139
      ]
    ]
  },
  "feature_importance": {
    "age": 0.03142850724870029,
    "height_cm": 0.017802030590163363,
    "weight_kg": 0.018913786135285784,
    "bmi": 0.017478245118822493,
    "systolic_bp": 0.2164463157623964,
    "diastolic_bp": 0.012521188830007201,
    "heart_rate": 0.016554764357370178,
    "temperature": 0.014182829310609983,
    "glucose": 0.03860203458648057,
    "cholesterol": 0.019522319547831502,
    "risk_score": 0.09629459361481432,
    "has_diabetes": 0.01824897153528711,
    "has_hypertension": 0.04807361630953881,
    "has_heart_disease": 0.17844556799729774,
    "has_asthma": 0.00942031553298632,
    "has_kidney_disease": 0.0017950275301197682,
    "has_fever": 0.02129155450480398,
    "has_cough": 0.01978057596578572,
    "has_fatigue": 0.006193709826948966,
    "has_chest_pain": 0.04288394750548225,
    "has_shortness_of_breath": 0.047767353414876125,
    "has_headache": 0.005224801956301314,
    "gender_male": 0.0022449044849739063,
    "risk_level_low": 0.027576224542818766,
    "risk_level_medium": 0.009199596597706071,
    "risk_level_high": 0.00596070853723523,
    "risk_level_critical": 0.013949188922179789,
    "age_group_young": 0.0016053856645368673,
    "age_group_middle": 0.0054979510862647575,
    "age_group_elderly": 0.00731562977483863,
    "bmi_underweight": 0.0012274028554391714,
    "bmi_normal": 0.0020562757850316553,
    "bmi_overweight": 0.0019197197239471636,
    "bmi_obese": 0.0017090909960895207,
    "bp_normal": 0.0009434153212058685,
    "bp_elevated": 0.004558897360222999,
    "bp_high": 0.007444147019160532,
    "glucose_normal": 0.002535193206784173,
    "glucose_prediabetic": 0.001988222060239909,
    "glucose_diabetic": 0.0033959888794148955
  },
  "best_parameters": {
    "classifier__max_depth": null,
    "classifier__min_samples_split": 5,
    "classifier__n_estimators": 100
  },
  "training_samples": 1600,
  "test_samples": 400,
  "features": [
    "age",
    "height_cm",
    "weight_kg",
    "bmi",
    "systolic_bp",
    "diastolic_bp",
    "heart_rate",
    "temperature",
    "glucose",
    "cholesterol",
    "risk_score",
    "has_diabetes",
    "has_hypertension",
    "has_heart_disease",
    "has_asthma",
    "has_kidney_disease",
    "has_fever",
    "has_cough",
    "has_fatigue",
    "has_chest_pain",
    "has_shortness_of_breath",
    "has_headache",
    "gender_male",
    "risk_level_low",
    "risk_level_medium",
    "risk_level_high",
    "risk_level_critical",
    "age_group_young",
    "age_group_middle",
    "age_group_elderly",
    "bmi_underweight",
    "bmi_normal",
    "bmi_overweight",
    "bmi_obese",
    "bp_normal",
    "bp_elevated",
    "bp_high",
    "glucose_normal",
    "glucose_prediabetic",
    "glucose_diabetic"
  ],
  "target_classes": [
    "routine_checkup",
    "hypertension_severe",
    "cardiovascular_disease",
    "healthy",
    "respiratory_infection",
    "diabetes_uncontrolled"
  ]
}